url,check,detail
https://immigratetobrazil.com/insights/fyi/sistema-ees-entra-em-vigor-nos-aeroportos-europa-aperta-o-cerco-a-quem-ultrapassa-o/,duplicate h1,Sistema Ees Entra Em Vigor Nos Aeroportos: Europa Aperta O Cerco A Quem Ultrapassa O... | HELD SOURCE; NOT RELEASED
https://immigratetobrazil.com/pt-br/insights/fyi/sistema-ees-entra-em-vigor-nos-aeroportos-europa-aperta-o-cerco-a-quem-ultrapassa-o/,duplicate h1,Sistema Ees Entra Em Vigor Nos Aeroportos: Europa Aperta O Cerco A Quem Ultrapassa O... | HELD SOURCE; NOT RELEASED
https://immigratetobrazil.com/insights/naturalisation/brazil-legal-guidance-eligibility-and-process-2/,duplicate h1,Brazil legal guidance: eligibility and process (2) | HELD SOURCE; NOT RELEASED
https://immigratetobrazil.com/insights/visa/brazil-legal-guidance-eligibility-and-process-2/,duplicate h1,Brazil legal guidance: eligibility and process (2) | HELD SOURCE; NOT RELEASED
https://immigratetobrazil.com/insights/naturalisation/brazil-legal-guidance-eligibility-and-process-3/,duplicate h1,Brazil legal guidance: eligibility and process (3) | HELD SOURCE; NOT RELEASED
https://immigratetobrazil.com/insights/visa/brazil-legal-guidance-eligibility-and-process-3/,duplicate h1,Brazil legal guidance: eligibility and process (3) | HELD SOURCE; NOT RELEASED
https://immigratetobrazil.com/insights/naturalisation/brazil-legal-guidance-eligibility-and-process/,duplicate h1,Brazil legal guidance: eligibility and process | HELD SOURCE; NOT RELEASED
https://immigratetobrazil.com/insights/visa/brazil-legal-guidance-eligibility-and-process/,duplicate h1,Brazil legal guidance: eligibility and process | HELD SOURCE; NOT RELEASED
https://immigratetobrazil.com/insights/naturalisation/foreigners-may-apply-for-a-brazilian-passport-under-specific-circumsta/,duplicate h1,Foreigners may apply for a Brazilian passport under specific circumstances outlined in | HELD SOURCE; NOT RELEASED
https://immigratetobrazil.com/insights/updates/2026-03-10-foreigners-may-apply-for-a-brazilian-passport-under-specific-circumsta/,duplicate h1,Foreigners may apply for a Brazilian passport under specific circumstances outlined in | HELD SOURCE; NOT RELEASED
https://immigratetobrazil.com/insights/naturalisation/in-other-words-even-if-the-birth-took-place-years-ago-registration-can/,duplicate h1,"In other words, even if the birth took place years ago, registration can still be | HELD SOURCE; NOT RELEASED"
https://immigratetobrazil.com/pt-br/insights/naturalisation/in-other-words-even-if-the-birth-took-place-years-ago-registration-can/,duplicate h1,"In other words, even if the birth took place years ago, registration can still be | HELD SOURCE; NOT RELEASED"
https://immigratetobrazil.com/insights/naturalisation/legal-guidance-eligibility-requirements-and-filing-steps/,duplicate h1,"Legal guidance: eligibility, requirements, and filing steps | HELD SOURCE; NOT RELEASED"
https://immigratetobrazil.com/insights/visa/legal-guidance-eligibility-requirements-and-filing-steps/,duplicate h1,"Legal guidance: eligibility, requirements, and filing steps | HELD SOURCE; NOT RELEASED"
https://immigratetobrazil.com/insights/residency/in-temporary-residence-you-can-only-be-absent-for-less-than-6-consecut/,duplicate h1,"In temporary residence, you can only be absent for less than 6 consecutive months or 8 | HELD SOURCE; NOT RELEASED"
https://immigratetobrazil.com/pt-br/insights/residency/in-temporary-residence-you-can-only-be-absent-for-less-than-6-consecut/,duplicate h1,"In temporary residence, you can only be absent for less than 6 consecutive months or 8 | HELD SOURCE; NOT RELEASED"
https://immigratetobrazil.com/insights/updates/2026-03-09-mexico-confirms-resumption-of-the-electronic-visa-for-brazilians-from/,duplicate h1,Mexico confirms resumption of the electronic visa for Brazilians from February 2026 | HELD SOURCE; NOT RELEASED
https://immigratetobrazil.com/insights/updates/2026-03-10-mexico-confirms-resumption-of-the-electronic-visa-for-brazilians-from/,duplicate h1,Mexico confirms resumption of the electronic visa for Brazilians from February 2026 | HELD SOURCE; NOT RELEASED
https://immigratetobrazil.com/insights/updates/2026-03-09-the-discussion-about-greater-rigidity-in-import-rules-began-during-the/,duplicate h1,The discussion about greater rigidity in import rules began during the last government | HELD SOURCE; NOT RELEASED
https://immigratetobrazil.com/insights/updates/2026-03-10-the-discussion-about-greater-rigidity-in-import-rules-began-during-the/,duplicate h1,The discussion about greater rigidity in import rules began during the last government | HELD SOURCE; NOT RELEASED
https://immigratetobrazil.com/pt-br/insights/naturalisation/brazil-legal-guidance-eligibility-and-process-2/,duplicate h1,Orientação jurídica Brasil: elegibilidade e processo (2) | HELD SOURCE; NOT RELEASED
https://immigratetobrazil.com/pt-br/insights/visa/brazil-legal-guidance-eligibility-and-process-2/,duplicate h1,Orientação jurídica Brasil: elegibilidade e processo (2) | HELD SOURCE; NOT RELEASED
https://immigratetobrazil.com/pt-br/insights/naturalisation/brazil-legal-guidance-eligibility-and-process-3/,duplicate h1,Orientação jurídica Brasil: elegibilidade e processo (3) | HELD SOURCE; NOT RELEASED
https://immigratetobrazil.com/pt-br/insights/visa/brazil-legal-guidance-eligibility-and-process-3/,duplicate h1,Orientação jurídica Brasil: elegibilidade e processo (3) | HELD SOURCE; NOT RELEASED
https://immigratetobrazil.com/pt-br/insights/naturalisation/brazil-legal-guidance-eligibility-and-process/,duplicate h1,Orientação jurídica Brasil: elegibilidade e processo | HELD SOURCE; NOT RELEASED
https://immigratetobrazil.com/pt-br/insights/visa/brazil-legal-guidance-eligibility-and-process/,duplicate h1,Orientação jurídica Brasil: elegibilidade e processo | HELD SOURCE; NOT RELEASED
https://immigratetobrazil.com/pt-br/insights/naturalisation/foreigners-may-apply-for-a-brazilian-passport-under-specific-circumsta/,duplicate h1,Os estrangeiros podem solicitar um passaporte brasileiro sob circunstâncias específicas descritas em | HELD SOURCE; NOT RELEASED
https://immigratetobrazil.com/pt-br/insights/updates/2026-03-10-foreigners-may-apply-for-a-brazilian-passport-under-specific-circumsta/,duplicate h1,Os estrangeiros podem solicitar um passaporte brasileiro sob circunstâncias específicas descritas em | HELD SOURCE; NOT RELEASED
https://immigratetobrazil.com/pt-br/insights/naturalisation/legal-guidance-eligibility-requirements-and-filing-steps/,duplicate h1,"Orientação legal: elegibilidade, requisitos e etapas de arquivamento | HELD SOURCE; NOT RELEASED"
https://immigratetobrazil.com/pt-br/insights/visa/legal-guidance-eligibility-requirements-and-filing-steps/,duplicate h1,"Orientação legal: elegibilidade, requisitos e etapas de arquivamento | HELD SOURCE; NOT RELEASED"
https://immigratetobrazil.com/pt-br/insights/residency/the-person-applying-for-a-residence-permit-to-live-in-brazil-will-also/,duplicate h1,A pessoa que solicitar autorização de residência para residir no Brasil também receberá um | HELD SOURCE; NOT RELEASED
https://immigratetobrazil.com/pt-br/insights/residency/the-person-who-will-apply-for-a-residence-permit-to-live-in-brazil-wil/,duplicate h1,A pessoa que solicitar autorização de residência para residir no Brasil também receberá um | HELD SOURCE; NOT RELEASED
https://immigratetobrazil.com/pt-br/insights/updates/2026-03-09-mexico-confirms-resumption-of-the-electronic-visa-for-brazilians-from/,duplicate h1,México confirma retomada do visto eletrônico para brasileiros a partir de fevereiro de 2026 | HELD SOURCE; NOT RELEASED
https://immigratetobrazil.com/pt-br/insights/updates/2026-03-10-mexico-confirms-resumption-of-the-electronic-visa-for-brazilians-from/,duplicate h1,México confirma retomada do visto eletrônico para brasileiros a partir de fevereiro de 2026 | HELD SOURCE; NOT RELEASED
https://immigratetobrazil.com/pt-br/insights/updates/2026-03-09-the-discussion-about-greater-rigidity-in-import-rules-began-during-the/,duplicate h1,A discussão sobre maior rigidez nas regras de importação começou durante o último governo | HELD SOURCE; NOT RELEASED
https://immigratetobrazil.com/pt-br/insights/updates/2026-03-10-the-discussion-about-greater-rigidity-in-import-rules-began-during-the/,duplicate h1,A discussão sobre maior rigidez nas regras de importação começou durante o último governo | HELD SOURCE; NOT RELEASED
https://immigratetobrazil.com/pt-br/insights/visa/the-authorization-of-indefinite-term-residence-in-brazil-can-be-obtain/,duplicate h1,A autorização de residência por tempo indeterminado no Brasil pode ser obtida através | HELD SOURCE; NOT RELEASED
https://immigratetobrazil.com/pt-br/insights/visa/the-residence-permit-for-an-indefinite-period-in-brazil-can-be-obtaine/,duplicate h1,A autorização de residência por tempo indeterminado no Brasil pode ser obtida através | HELD SOURCE; NOT RELEASED
